-- phpMyAdmin SQL Dump
-- version 5.2.0
-- https://www.phpmyadmin.net/
--
-- Servidor: 127.0.0.1:3306
-- Tiempo de generación: 23-11-2023 a las 17:33:50
-- Versión del servidor: 8.0.31
-- Versión de PHP: 8.0.26

SET SQL_MODE = "NO_AUTO_VALUE_ON_ZERO";
START TRANSACTION;
SET time_zone = "+00:00";


/*!40101 SET @OLD_CHARACTER_SET_CLIENT=@@CHARACTER_SET_CLIENT */;
/*!40101 SET @OLD_CHARACTER_SET_RESULTS=@@CHARACTER_SET_RESULTS */;
/*!40101 SET @OLD_COLLATION_CONNECTION=@@COLLATION_CONNECTION */;
/*!40101 SET NAMES utf8mb4 */;

--
-- Base de datos: `db_17setiembre`
--

DELIMITER $$
--
-- Procedimientos
--
DROP PROCEDURE IF EXISTS `Insert_Actividad`$$
CREATE DEFINER=`root`@`localhost` PROCEDURE `Insert_Actividad` (IN `tipoactividad` INT, IN `fechainicio` DATE, IN `fechafin` DATE, IN `descripcion` VARCHAR(200), IN `hora` TIME, IN `motivo` VARCHAR(100))   BEGIN
	DECLARE fechaactual DATE;  
    SET fechaactual = fechainicio;
    CREATE TEMPORARY TABLE IF NOT EXISTS tmpactividad (
        id INT AUTO_INCREMENT PRIMARY KEY,
        Fecha_Actividad DATE, 
        Desc_Actividad VARCHAR(200) NULL,
        Dia_Actividad INT, 
        Hora_Ingreso TIME,
        Mot_Actividad VARCHAR(100)
    );
    IF tipoactividad = 1 THEN
        WHILE fechaactual <= fechafin DO
            IF DAYOFWEEK(fechaactual) BETWEEN 2 AND 6 THEN
                INSERT INTO tmpactividad(Fecha_Actividad, Desc_Actividad, Dia_Actividad, Hora_Ingreso, Mot_Actividad)
                VALUES (fechaactual,descripcion,DAYOFWEEK(fechaactual),hora,motivo);
            END IF;
            SET fechaactual  = DATE_ADD(fechaactual , INTERVAL 1 DAY);
        END WHILE;
    ELSE
    	INSERT INTO tmpactividad(Fecha_Actividad, Desc_Actividad, Dia_Actividad, Hora_Ingreso, Mot_Actividad)
        VALUES (fechaactual,descripcion,DAYOFWEEK(fechaactual),hora,motivo);
    END IF;
    INSERT INTO actividad(Fecha_Actividad, Dia_Actividad, Desc_Actividad, Hora_Actividad, Mot_Actividad)
    SELECT Fecha_Actividad, Dia_Actividad, Desc_Actividad,  Hora_Ingreso, Mot_Actividad FROM tmpactividad;
    DROP TEMPORARY TABLE IF EXISTS tmpactividad;
END$$

DROP PROCEDURE IF EXISTS `Insert_Ingreso`$$
CREATE DEFINER=`root`@`localhost` PROCEDURE `Insert_Ingreso` (IN `id` INT, IN `fechaingreso` DATE, IN `horaingreso` TIME)   BEGIN
DECLARE fecha_actual DATE;
DECLARE h_actividad TIME;
DECLARE hora_actual TIME;
SET fecha_actual = fechaingreso;
SET hora_actual = horaingreso;
CREATE TEMPORARY TABLE tmpIngresos (
        Id_Ingreso INT PRIMARY KEY AUTO_INCREMENT,
        Fecha_Ingreso DATE,
        Id_Alumno INT,
        Hora_Ingreso TIME,
        Tipo_Ingreso INT
);
SELECT Hora_Actividad INTO h_actividad FROM actividad WHERE Fecha_Actividad = fecha_actual;
if h_actividad IS NOT NULL THEN
    IF hora_actual <= h_actividad THEN
        INSERT INTO tmpIngresos (Fecha_Ingreso, Id_Alumno, Hora_Ingreso, Tipo_Ingreso) VALUES (fecha_actual, id, hora_actual, 1);
    ELSE
        INSERT INTO tmpIngresos (Fecha_Ingreso, Id_Alumno, Hora_Ingreso, Tipo_Ingreso) VALUES (fecha_actual, id, hora_actual, 2);
    END IF;
END IF;
INSERT INTO ingreso(Fecha_Ingreso, Id_Alumno, Hora_Ingreso, Tipo_Ingreso) SELECT Fecha_Ingreso, Id_Alumno, Hora_Ingreso, Tipo_Ingreso FROM tmpIngresos;
DROP TEMPORARY TABLE IF EXISTS tmpIngresos;
END$$

DROP PROCEDURE IF EXISTS `Search_Actividad`$$
CREATE DEFINER=`root`@`localhost` PROCEDURE `Search_Actividad` (IN `datotexto` VARCHAR(200), IN `datofecha` DATE)   BEGIN
    IF datofecha IS NULL THEN
        SELECT * FROM actividad 
        WHERE (Mot_Actividad LIKE CONCAT(datotexto, '%') OR Desc_Actividad LIKE CONCAT(datotexto, '%'));
    ELSE
        IF datotexto IS NULL OR datotexto = '' THEN
            SELECT * FROM actividad WHERE Fecha_Actividad = datofecha;
        ELSE
            SELECT * FROM actividad 
            WHERE Fecha_Actividad = datofecha 
            AND (Mot_Actividad LIKE CONCAT(datotexto, '%') OR Desc_Actividad LIKE CONCAT(datotexto, '%'));
        END IF;
    END IF;
END$$

DROP PROCEDURE IF EXISTS `Search_Ingreso`$$
CREATE DEFINER=`root`@`localhost` PROCEDURE `Search_Ingreso` (IN `datotexto` VARCHAR(200), IN `datofecha` DATE)   BEGIN
    IF datofecha IS NULL THEN
       SELECT * FROM alumno INNER JOIN ingreso ON alumno.Id_Alumno = ingreso.Id_Alumno INNER JOIN aula ON alumno.Id_Aula = aula.Id_Aula WHERE Doc_Alumno LIKE concat(datotexto,'%') OR Cod_Alumno LIKE concat(datotexto,'%') OR Nom_Alumno LIKE concat(datotexto,'%') OR Apa_Alumno LIKE concat(datotexto,'%') OR Ama_Alumno LIKE concat(datotexto,'%');
    ELSE
        IF datotexto IS NULL OR datotexto = '' THEN
            SELECT * FROM alumno INNER JOIN ingreso ON alumno.Id_Alumno = ingreso.Id_Alumno INNER JOIN aula ON alumno.Id_Aula = aula.Id_Aula WHERE Fecha_Ingreso = datofecha;
        ELSE
            SELECT * FROM alumno INNER JOIN ingreso ON alumno.Id_Alumno = ingreso.Id_Alumno INNER JOIN aula ON alumno.Id_Aula = aula.Id_Aula WHERE Fecha_Ingreso = datofecha AND (Doc_Alumno LIKE concat(datotexto,'%') OR Cod_Alumno LIKE concat(datotexto,'%') OR Nom_Alumno LIKE concat(datotexto,'%') OR Apa_Alumno LIKE concat(datotexto,'%') OR Ama_Alumno LIKE concat(datotexto,'%'));
        END IF;
    END IF;
END$$

DELIMITER ;

-- --------------------------------------------------------

--
-- Estructura de tabla para la tabla `actividad`
--

DROP TABLE IF EXISTS `actividad`;
CREATE TABLE IF NOT EXISTS `actividad` (
  `Id_Actividad` int NOT NULL AUTO_INCREMENT,
  `Fecha_Actividad` date NOT NULL,
  `Dia_Actividad` int NOT NULL,
  `Desc_Actividad` varchar(200) CHARACTER SET utf8mb3 COLLATE utf8mb3_spanish_ci DEFAULT NULL,
  `Hora_Actividad` time NOT NULL,
  `Mot_Actividad` varchar(100) CHARACTER SET utf8mb3 COLLATE utf8mb3_spanish_ci NOT NULL,
  PRIMARY KEY (`Id_Actividad`)
) ENGINE=MyISAM AUTO_INCREMENT=81 DEFAULT CHARSET=utf8mb3 COLLATE=utf8mb3_spanish_ci;

--
-- Volcado de datos para la tabla `actividad`
--

INSERT INTO `actividad` (`Id_Actividad`, `Fecha_Actividad`, `Dia_Actividad`, `Desc_Actividad`, `Hora_Actividad`, `Mot_Actividad`) VALUES
(58, '2023-11-01', 4, '', '08:00:00', 'CLASES SEMANALES'),
(59, '2023-11-02', 5, '', '08:00:00', 'CLASES SEMANALES'),
(60, '2023-11-03', 6, '', '08:00:00', 'CLASES SEMANALES'),
(61, '2023-11-06', 2, '', '08:00:00', 'CLASES SEMANALES'),
(62, '2023-11-07', 3, '', '08:00:00', 'CLASES SEMANALES'),
(63, '2023-11-08', 4, '', '08:00:00', 'CLASES SEMANALES'),
(64, '2023-11-09', 5, '', '08:00:00', 'CLASES SEMANALES'),
(65, '2023-11-10', 6, '', '08:00:00', 'CLASES SEMANALES'),
(66, '2023-11-13', 2, '', '08:00:00', 'CLASES SEMANALES'),
(67, '2023-11-14', 3, '', '08:00:00', 'CLASES SEMANALES'),
(68, '2023-11-15', 4, '', '08:00:00', 'CLASES SEMANALES'),
(69, '2023-11-16', 5, '', '08:00:00', 'CLASES SEMANALES'),
(70, '2023-11-17', 6, '', '08:00:00', 'CLASES SEMANALES'),
(71, '2023-11-20', 2, '', '08:00:00', 'CLASES SEMANALES'),
(72, '2023-11-21', 3, '', '08:00:00', 'CLASES SEMANALES'),
(73, '2023-11-22', 4, '', '08:00:00', 'CLASES SEMANALES'),
(74, '2023-11-23', 5, '', '08:00:00', 'CLASES SEMANALES'),
(75, '2023-11-24', 6, '', '08:00:00', 'CLASES SEMANALES'),
(76, '2023-11-27', 2, '', '08:00:00', 'CLASES SEMANALES'),
(77, '2023-11-28', 3, '', '08:00:00', 'CLASES SEMANALES'),
(78, '2023-11-29', 4, '', '08:00:00', 'CLASES SEMANALES'),
(79, '2023-11-30', 5, '', '08:00:00', 'CLASES SEMANALES'),
(80, '2023-11-18', 7, '', '12:30:00', 'DEPORTES');

-- --------------------------------------------------------

--
-- Estructura de tabla para la tabla `alumno`
--

DROP TABLE IF EXISTS `alumno`;
CREATE TABLE IF NOT EXISTS `alumno` (
  `Id_Alumno` int NOT NULL AUTO_INCREMENT,
  `Tipo_Documento` int DEFAULT NULL,
  `Doc_Alumno` char(20) CHARACTER SET utf8mb3 COLLATE utf8mb3_spanish_ci DEFAULT NULL,
  `Cod_Alumno` char(20) CHARACTER SET utf8mb3 COLLATE utf8mb3_spanish_ci DEFAULT NULL,
  `Apa_Alumno` varchar(50) CHARACTER SET utf8mb3 COLLATE utf8mb3_spanish_ci NOT NULL,
  `Id_Aula` int NOT NULL,
  `Foto_Alumno` varchar(100) CHARACTER SET utf8mb3 COLLATE utf8mb3_spanish_ci DEFAULT NULL,
  `Qr_Alumno` varchar(100) CHARACTER SET utf8mb3 COLLATE utf8mb3_spanish_ci DEFAULT NULL,
  `Ama_Alumno` varchar(50) COLLATE utf8mb3_spanish_ci NOT NULL,
  `Nom_Alumno` varchar(100) CHARACTER SET utf8mb3 COLLATE utf8mb3_spanish_ci NOT NULL,
  `Sexo_Alumno` char(1) CHARACTER SET utf8mb3 COLLATE utf8mb3_spanish_ci NOT NULL,
  `Fecha_Nacimiento` date NOT NULL,
  `Est_Matricula` int NOT NULL,
  PRIMARY KEY (`Id_Alumno`),
  UNIQUE KEY `Dni_Alumno` (`Doc_Alumno`)
) ENGINE=MyISAM AUTO_INCREMENT=276 DEFAULT CHARSET=utf8mb3 COLLATE=utf8mb3_spanish_ci;

--
-- Volcado de datos para la tabla `alumno`
--

INSERT INTO `alumno` (`Id_Alumno`, `Tipo_Documento`, `Doc_Alumno`, `Cod_Alumno`, `Apa_Alumno`, `Id_Aula`, `Foto_Alumno`, `Qr_Alumno`, `Ama_Alumno`, `Nom_Alumno`, `Sexo_Alumno`, `Fecha_Nacimiento`, `Est_Matricula`) VALUES
(1, 1, '60387125', '00000060387125', 'ADRIANO', 2, '', 'qr_60387125.png', 'BARRA', 'ELIAS JOB', 'M', '2010-04-21', 1),
(2, 1, '62250086', '00000062250086', 'ASTUDILLO', 2, '', 'qr_62250086.png', 'JESUS', 'THIAGO BENJAMIN', 'M', '2011-01-10', 1),
(3, 1, '74340148', '00000074340148', 'CASTILLO', 2, '', 'qr_74340148.png', 'QUISPE', 'EVELIN', 'F', '2010-07-20', 1),
(4, 1, '62753788', '12193160200040', 'CHUPOS', 2, '', 'qr_62753788.png', 'ROJAS', 'ROUSS KEIDY', 'F', '2011-03-29', 2),
(5, 1, '62625705', '12010621000050', 'CORILLOCLLA', 2, '', 'qr_62625705.png', 'CHIRINOS', 'SILVANA ANGELA', 'F', '2010-04-06', 1),
(6, 1, '62672621', '00000062672621', 'DE LA CRUZ', 2, '', 'qr_62672621.png', 'CASAS', 'ESCARLET BELLA', 'F', '2011-03-01', 1),
(7, 1, '62470353', '00000062470353', 'DE LA CRUZ', 2, '', 'qr_62470353.png', 'FLORES', 'NATANIEL NELIA', 'F', '2010-08-19', 1),
(8, 1, '62721673', '00000062721673', 'DIAZ', 2, '', 'qr_62721673.png', 'AVILA', 'ADRIAN VALENTIN', 'M', '2010-04-02', 1),
(9, 1, '62291063', '15091895300188', 'DIAZ', 2, '', 'qr_62291063.png', 'LEON', 'LUIS MIGUEL', 'M', '2011-02-23', 2),
(10, 1, '61744583', '00000061744583', 'GARCIA', 2, '', 'qr_61744583.png', 'VICENTE', 'GIAN FRANCO', 'M', '2010-08-02', 2),
(11, 1, '62266014', '00000062266014', 'GUILLEN', 2, '', 'qr_62266014.png', 'CARBAJAL', 'YUYUIN NEONIL', 'M', '2011-03-08', 1),
(12, 1, '62449311', '15091895300208', 'HUAMAN', 2, '', 'qr_62449311.png', 'HUAROC', 'JASURY BAELLA', 'F', '2010-07-29', 1),
(13, 1, '62532860', '14142829100068', 'HURTADO', 2, '', 'qr_62532860.png', 'HUAMAN', 'BRANDON GABRIEL', 'M', '2010-01-05', 1),
(14, 1, '62625672', '15091913400108', 'MANTARI', 2, '', 'qr_62625672.png', 'TAIPE', 'ESTEFANI NICOL', 'F', '2010-06-20', 1),
(15, 1, '62279634', '00000062279634', 'MARCILLA', 2, '', 'qr_62279634.png', 'AGUERO', 'SANYU ALIZEE', 'F', '2011-02-16', 1),
(16, 1, '62230067', '00000062230067', 'MEZA', 2, '', 'qr_62230067.png', 'JULCA', 'GREYS MAYDA', 'F', '2010-12-18', 1),
(17, 1, '62107188', '00000062107188', 'MONTERO', 2, '', 'qr_62107188.png', 'VELIZ', 'SORAYA ADRIANA', 'F', '2010-12-17', 1),
(18, 1, '61712853', '00000061712853', 'MONTES', 2, '', 'qr_61712853.png', 'CONDORI', 'ESTRELLA ISABEL', 'F', '2009-10-28', 1),
(19, 1, '62831269', '15091910000018', 'MORALES', 2, '', 'qr_62831269.png', 'CONDOR', 'KIMBERLY XIOMARA', 'F', '2010-06-11', 1),
(20, 1, '62474453', '00000062474453', 'ORIHUELA', 2, '', 'qr_62474453.png', 'CAJACURI', 'ANGUELI DANIELA', 'F', '2010-07-22', 1),
(21, 1, '62753514', '00000062753514', 'PARCO', 2, '', 'qr_62753514.png', 'QUINTO', 'GREIS MILAGROS', 'F', '2011-03-05', 1),
(22, 1, '62692712', '00000062692712', 'PILLACA', 2, '', 'qr_62692712.png', 'LAURA', 'JULIO CESAR', 'M', '2010-11-29', 1),
(23, 1, '62343915', '00000062343915', 'QUISPE', 2, '', 'qr_62343915.png', 'LOLAY', 'BRIGITH NICOL', 'F', '2009-08-08', 2),
(24, 1, '62449507', '00000062449507', 'ROMO', 2, '', 'qr_62449507.png', 'HUAYAS', 'ADRIANA SAMARA', 'F', '2010-09-09', 1),
(25, 1, '62615120', '00000062615120', 'SOLANO', 2, '', 'qr_62615120.png', 'ZUNIGA', 'JHON', 'M', '2010-04-26', 1),
(26, 1, '62449316', '00000062449316', 'TORRES', 2, '', 'qr_62449316.png', 'GUTARRA', 'LOGAN FABIO', 'M', '2010-05-20', 1),
(27, 1, '74667758', '00000074667758', 'VALER', 2, '', 'qr_74667758.png', 'COZ', 'MICHAEL MARK', 'M', '2010-09-07', 2),
(28, 1, '62574214', '00000062574214', 'VEGA', 2, '', 'qr_62574214.png', 'QUIJADA', 'LIONEL ALESSANDRO', 'M', '2010-07-12', 1),
(29, 1, '63494396', '16091862300028', 'YUCRA', 2, '', 'qr_63494396.png', 'SOLANO', 'YENSY JHARELY', 'F', '2011-01-08', 1),
(30, 1, '62753111', '00000062753111', 'CASTILLO', 4, '', 'qr_62753111.png', 'PORRAS', 'CESAR ANDRE', 'M', '2011-02-13', 1),
(31, 1, '79651030', '00000079651030', 'CHOQUE', 4, '', 'qr_79651030.png', 'TRILLO', 'LHINA SARITH', 'F', '2010-10-07', 2),
(32, 1, '77588226', '00000077588226', 'CHU', 4, '', 'qr_77588226.png', 'AMAYA', 'ZOÉ SAYAKA IVANNA', 'F', '2010-07-20', 1),
(33, 1, '62467264', '12189990100060', 'CONDOR', 4, '', 'qr_62467264.png', 'VELARDE', 'ABEL EVER', 'M', '2010-07-28', 1),
(34, 1, '62482195', '00000062482195', 'DAGA', 4, '', 'qr_62482195.png', 'PAYTA', 'YENNYBIT KORALY', 'F', '2010-09-16', 1),
(35, 1, '74798068', '00000074798068', 'DE LA CRUZ', 4, '', 'qr_74798068.png', 'CHAVEZ', 'ABDIEL LEONARDO', 'M', '2010-10-27', 1),
(36, 1, '62721125', '00000062721125', 'DE LA CRUZ', 4, '', 'qr_62721125.png', 'SEDANO', 'CRISTHOFER ANDRE', 'M', '2010-12-10', 1),
(37, 1, '62449419', '12189990100070', 'FLORES', 4, '', 'qr_62449419.png', 'ALCANTARA', 'KIARA NATTANIEL', 'F', '2010-07-14', 1),
(38, 1, '63418061', '00000063418061', 'GUERRA', 4, '', 'qr_63418061.png', 'SOTO', 'SHARMILY YIMENA', 'F', '2010-12-15', 1),
(39, 1, '74521740', '00000074521740', 'HUARHUA', 4, '', 'qr_74521740.png', 'MATOS', 'LEONEL ROLY', 'M', '2010-08-01', 1),
(40, 1, '62591514', '13142962000038', 'JUZCAMAYTA', 4, '', 'qr_62591514.png', 'MATOS', 'PIERO DAVID', 'M', '2010-02-25', 1),
(41, 1, '62591728', '00000062591728', 'MACHUCA', 4, '', 'qr_62591728.png', 'ORTIZ', 'BRIGGITTE IMELDA', 'F', '2010-04-14', 1),
(42, 1, '62449528', '00000062449528', 'MALLQUI', 4, '', 'qr_62449528.png', 'ESTRADA', 'FABIOLA ALEJANDRA', 'F', '2010-09-14', 1),
(43, 1, '61744219', '00000061744219', 'MARCELO', 4, '', 'qr_61744219.png', 'ALVARADO', 'GISSELL ANTONELA', 'F', '2010-04-09', 1),
(44, 1, '78578571', '00000078578571', 'MATOS', 4, '', 'qr_78578571.png', 'GAVINO', 'JOSELITO DILAN PAJOY', 'M', '2011-02-07', 1),
(45, 1, '63738058', '00000063738058', 'MEZA', 4, '', 'qr_63738058.png', 'QUISPE', 'FRANK ALEXANDER', 'M', '2011-01-19', 1),
(46, 1, '62427060', '00000062427060', 'ORELLANA', 4, '', 'qr_62427060.png', 'MENDOZA', 'ALBERHT JHEFRY', 'M', '2010-11-26', 1),
(47, 1, '62280875', '00000062280875', 'PACHECO', 4, '', 'qr_62280875.png', 'HUAMANI', 'JUAN DAVID', 'M', '2011-01-20', 1),
(48, 1, '62470179', '00000062470179', 'PALPA', 4, '', 'qr_62470179.png', 'GONZALES', 'MARCO RUBÉN JHONNY', 'M', '2010-07-09', 1),
(49, 1, '62449376', '00000062449376', 'QUIÑONES', 4, '', 'qr_62449376.png', 'COMUN', 'JHOSSELYN VALESCA', 'F', '2010-08-05', 1),
(50, 1, '74668842', '00000074668842', 'RODRIGUEZ', 4, '', 'qr_74668842.png', 'JIMENEZ', 'ISABELLA DEL CARMEN', 'F', '2010-09-09', 1),
(51, 1, '62591891', '11189990400080', 'SAUÑE', 4, '', 'qr_62591891.png', 'ARTETA', 'DAFNE AYELEN', 'F', '2010-05-09', 1),
(52, 1, '74262143', '00000074262143', 'SILVA', 4, '', 'qr_74262143.png', 'BOZA', 'CHRISTOPHER SAMIR', 'M', '2010-05-02', 1),
(53, 1, '62753642', '15073642100038', 'TACZA', 4, '', 'qr_62753642.png', 'LEYVA', 'ANDY RODRIGO NICOLAS', 'M', '2011-03-18', 1),
(54, 1, '63358570', '00000063358570', 'TORRES', 4, '', 'qr_63358570.png', 'RONCAL', 'KATY KATSHIUMY', 'F', '2010-03-22', 1),
(55, 1, '62692855', '00000062692855', 'VEGA', 4, '', 'qr_62692855.png', 'CARCAMO', 'ASTRID HAITANA GUADALUPE', 'F', '2010-11-30', 2),
(56, 1, '62721228', '00000062721228', 'VILCAPOMA', 4, '', 'qr_62721228.png', 'MENDOZA', 'JHONSU LIAN', 'M', '2011-01-16', 1),
(57, 1, '62591922', '13073645400078', 'ABREGU', 5, '', 'qr_62591922.png', 'SALINAS', 'JOAO', 'M', '2009-08-29', 1),
(58, 1, '61895770', '00000061895770', 'AQUINO', 5, '', 'qr_61895770.png', 'VILCA', 'ANDREA YENIFER', 'F', '2009-09-24', 1),
(59, 1, '60090974', '12289110600018', 'BARRA', 5, '', 'qr_60090974.png', 'BARRA', 'EMERSON JERSON', 'M', '2008-10-24', 1),
(60, 1, '61850329', '00000061850329', 'BOZA', 5, '', 'qr_61850329.png', 'VILLANES', 'JACK ANDERSON RUBEN', 'M', '2009-07-06', 1),
(61, 1, '62473122', '00000062473122', 'CALLUPE', 5, '', 'qr_62473122.png', 'LLANA', 'DIEGO SEBASTIAN', 'M', '2010-01-31', 1),
(62, 1, '61895684', '61895684', 'CASAPIA', 5, '', 'qr_61895684.png', 'JURADO', 'GADIEL', 'M', '2009-09-12', 1),
(63, 1, '61913504', '00000061913504', 'CHUQUICALLATA', 5, '', 'qr_61913504.png', 'CANALES', 'ANTONY KEN', 'M', '2009-12-05', 1),
(64, 1, '61961063', '12189200700030', 'COZ', 5, '', 'qr_61961063.png', 'OSCATEGUI', 'KIARA GRACE', 'F', '2009-04-27', 1),
(65, 1, '73287192', '00000073287192', 'DE LA CRUZ', 5, '', 'qr_73287192.png', 'CASAS', 'ESTRELLA ESTEPHANIE', 'F', '2009-04-08', 1),
(66, 1, '62386954', '00000062386954', 'DIAZ', 5, '', 'qr_62386954.png', 'ESCOBAR', 'ANDREA JIMENA', 'F', '2009-12-28', 1),
(67, 1, '61797517', '00000061797517', 'FERNANDEZ', 5, '', 'qr_61797517.png', 'PONGO', 'ALBERTO KENYI', 'M', '2009-04-07', 1),
(68, 1, '61797518', '00000061797518', 'FERNANDEZ', 5, '', 'qr_61797518.png', 'PONGO', 'KENYI ALBERTO', 'M', '2009-04-07', 1),
(69, 1, '61713022', '00000061713022', 'FLORES', 5, '', 'qr_61713022.png', 'MARTICORENA', 'MAXIMO MIGUEL', 'M', '2009-12-02', 1),
(70, 1, '62062127', '00000062062127', 'GAMARRA', 5, '', 'qr_62062127.png', 'AGUILAR', 'JOSUE MANUEL', 'M', '2009-04-16', 1),
(71, 1, '62533022', '00000062533022', 'HINOSTROZA', 5, '', 'qr_62533022.png', 'ARROYO', 'ALBEIRO REY', 'M', '2010-02-09', 1),
(72, 1, '63400689', '13159464700038', 'HUAMAN', 5, '', 'qr_63400689.png', 'DE LA CRUZ', 'ELY THALIA', 'F', '2009-12-15', 1),
(73, 1, '61700265', '00000061700265', 'LAZO', 5, '', 'qr_61700265.png', 'PARAGUAY', 'KENNYA NAOKI', 'F', '2009-09-19', 1),
(74, 1, '78580143', '00000078580143', 'MATOS', 5, '', 'qr_78580143.png', 'GAVINO', 'ANTHONY', 'M', '2009-04-17', 1),
(75, 1, '61713232', '00000061713232', 'MENDOZA', 5, '', 'qr_61713232.png', 'ISIDRO', 'ANDY VALERIO', 'M', '2010-01-04', 1),
(76, 1, '62545448', '00000062545448', 'MONTOYA', 5, '', 'qr_62545448.png', 'ESCOBAR', 'LENNIN FERNANDO', 'M', '2010-03-02', 1),
(77, 1, '61845465', '00000061845465', 'MORE', 5, '', 'qr_61845465.png', 'GALINDO', 'YEIRA IVETH', 'F', '2009-06-02', 1),
(78, 1, '73732982', '00000073732982', 'PARIONA', 5, '', 'qr_73732982.png', 'TORRES', 'SHERIL MILAGROS', 'F', '2009-10-04', 1),
(79, 1, '61853295', '00000061853295', 'PORRAS', 5, '', 'qr_61853295.png', 'FLORES', 'NAYELI CIELO', 'F', '2009-08-15', 1),
(80, 1, '62062059', '00000062062059', 'RIVEROS', 5, '', 'qr_62062059.png', 'ORDOÑEZ', 'MELANIE NATSUMI', 'F', '2009-04-18', 1),
(81, 1, '62545964', '11189990400070', 'ROSALES', 5, '', 'qr_62545964.png', 'CARHUANCHO', 'PRYANKA GIMENA', 'F', '2010-02-26', 1),
(82, 1, '61797879', '00000061797879', 'TACZA', 5, '', 'qr_61797879.png', 'LEYVA', 'DELIA ANA VALERIA', 'F', '2009-05-17', 1),
(83, 1, '62591644', '00000062591644', 'TORRES', 5, '', 'qr_62591644.png', 'SAENZ', 'SOFIA LIDIA', 'F', '2010-03-27', 1),
(84, 1, '61567185', '00000061567185', 'TTITO', 5, '', 'qr_61567185.png', 'CONDORI', 'DIANA LUZ', 'F', '2008-07-21', 1),
(85, 1, '81521810', '00000081521810', 'ALVARO', 6, '', 'qr_81521810.png', 'ARELLANO', 'HARUMY ERIKA', 'F', '2009-04-08', 1),
(86, 1, '62615839', '12049675200270', 'ARIAS', 6, '', 'qr_62615839.png', 'CLEMENTE', 'EMANUEL ALEXANDER', 'M', '2008-10-22', 1),
(87, 1, '61895437', '10189990100030', 'CASTILLO', 6, '', 'qr_61895437.png', 'HUIZA', 'CRISTOPHER ANDRICK', 'M', '2009-08-23', 1),
(88, 1, '62322566', '00000062322566', 'CCORA', 6, '', 'qr_62322566.png', 'ESCOBAR', 'JAZMIN PAMELA', 'F', '2009-10-03', 1),
(89, 1, '62340659', '00000062340659', 'CONTRERAS', 6, '', 'qr_62340659.png', 'LAURA', 'JHORDIN STIVEN', 'M', '2009-10-28', 1),
(90, 1, '80841229', '00000080841229', 'CUELA', 6, '', 'qr_80841229.png', 'DAVILA', 'FABRICIO THIAGO', 'M', '2009-11-13', 1),
(91, 2, '78624564', '20075839100018', 'FERRRAROTTO', 6, '', 'qr_78624564.png', 'DIAZ', 'GIOVANNI MAURICIO', 'M', '2009-03-17', 1),
(92, 1, '61695781', '00000061695781', 'FLORES', 6, '', 'qr_61695781.png', 'ISIDRO', 'JHOEL FRANK', 'M', '2009-10-02', 1),
(93, 1, '62591684', '00000062591684', 'GALEANO', 6, '', 'qr_62591684.png', 'OBANDO', 'SAMIRA ALISHA', 'F', '2010-03-20', 1),
(94, 1, '61695112', '13091895300228', 'HERRERA', 6, '', 'qr_61695112.png', 'YAMPUL', 'RUBI DEL PILAR', 'F', '2009-06-17', 1),
(95, 1, '61533441', '00000061533441', 'HURTADO', 6, '', 'qr_61533441.png', 'HUAMAN', 'ANDRE DYLAN', 'M', '2009-01-12', 1),
(96, 1, '61798444', '14142829100078', 'IBARRA', 6, '', 'qr_61798444.png', 'HINOJOSA', 'KEVIN DAVID', 'M', '2009-06-13', 2),
(97, 1, '73722309', '00000073722309', 'LOLO', 6, '', 'qr_73722309.png', 'CASAVILCA', 'DIEGO RAFAEL', 'M', '2009-09-11', 1),
(98, 1, '61475712', '00000061475712', 'MENDOZA', 6, '', 'qr_61475712.png', 'GOMEZ', 'DARLA YUNSU', 'F', '2008-10-16', 1),
(99, 1, '63793905', '00000063793905', 'MONTES', 6, '', 'qr_63793905.png', 'DIAZ', 'YOSTIN ANGEL', 'M', '2009-09-19', 1),
(100, 1, '61695481', '00000061695481', 'MORALES', 6, '', 'qr_61695481.png', 'VILLAVERDE', 'VENUS SHECCID', 'F', '2009-07-28', 1),
(101, 1, '61888437', '00000061888437', 'NAVARRO', 6, '', 'qr_61888437.png', 'RAMOS', 'ANDERSSON NOE', 'M', '2009-11-25', 1),
(102, 1, '61695066', '00000061695066', 'NINAHUANCA', 6, '', 'qr_61695066.png', 'VEGA', 'VALERIA LOURDES', 'F', '2009-06-09', 2),
(103, 1, '62104771', '00000062104771', 'OLIVERA', 6, '', 'qr_62104771.png', 'ISIDRO', 'JUNG SUH DENISSE', 'F', '2009-12-15', 1),
(104, 1, '61267752', '12071592000120', 'REYES', 6, '', 'qr_61267752.png', 'RAMIREZ', 'JHAYSON ANDHERSON', 'M', '2010-03-15', 1),
(105, 1, '61290136', '12127505600060', 'RICCI', 6, '', 'qr_61290136.png', 'RONCAL', 'BRITHNEY ASHELY', 'F', '2008-03-19', 1),
(106, 1, '61856283', '14142829100018', 'ROJAS', 6, '', 'qr_61856283.png', 'BERRIOS', 'GREYS NICOL', 'F', '2009-09-06', 1),
(107, 1, '62426986', '00000062426986', 'SALAZAR', 6, '', 'qr_62426986.png', 'GORA', 'MARIA CRISTINA', 'F', '2009-09-18', 1),
(108, 1, '62545331', '12189990600100', 'SALAZAR', 6, '', 'qr_62545331.png', 'VALLADOLID', 'BRISEIDA CAYETANA', 'F', '2010-01-18', 1),
(109, 1, '74932946', '00000074932946', 'TAPARA', 6, '', 'qr_74932946.png', 'ANDAMAYO', 'MIYAGUI NURIEL', 'M', '2009-07-16', 1),
(110, 1, '62062444', '00000062062444', 'TUPAYACHI', 6, '', 'qr_62062444.png', 'MONTES', 'KIARA ANGELA', 'F', '2009-06-01', 1),
(111, 1, '73549612', '00000073549612', 'VEGA', 6, '', 'qr_73549612.png', 'CUEVA', 'YAKIRA SHARET', 'F', '2009-07-01', 2),
(112, 1, '61652199', '00000061652199', 'VEGA', 6, '', 'qr_61652199.png', 'SANCHEZ', 'VICTORIA ELVIRA', 'F', '2010-01-05', 2),
(113, 1, '61475380', '00000061475380', 'ZEGARRA', 6, '', 'qr_61475380.png', 'LEDESMA', 'MARCOS SMIT', 'M', '2008-09-15', 1),
(114, 1, '61638966', '13161643200018', 'ARTICA', 7, '', 'qr_61638966.png', 'GUERREROS', 'GIANELA DAMARIS', 'F', '2008-08-27', 1),
(115, 1, '72069708', '12074897000010', 'ASPAJO', 7, '', 'qr_72069708.png', 'RECUAY', 'EINSTEIN CALET ANDRES', 'M', '2008-08-29', 1),
(116, 1, '61278803', '12091895300350', 'BEJARANO', 7, '', 'qr_61278803.png', 'SOLIER', 'BEATRIZ DANIELA', 'F', '2008-01-21', 1),
(117, 1, '62059188', '13010441700028', 'CARDENAS', 7, '', '', 'SUASNABAR', 'ELIDA SIARA', 'F', '2009-01-19', 1),
(118, 1, '60705162', '00000060705162', 'CHAVEZ', 7, '', '', 'VICUÑA', 'JOSUE ISRAEL', 'M', '2008-10-06', 1),
(119, 1, '60662503', '12059603100110', 'DAGA', 7, '', '', 'PAYTA', 'SANDY NIKOL', 'F', '2008-09-06', 1),
(120, 1, '60686282', '00000060686282', 'ESCOBAR', 7, '', '', 'YAURI', 'GORSH POOL', 'M', '2009-03-01', 1),
(121, 1, '61652816', '00000061652816', 'ESTRELLA', 7, '', '', 'MACHACUAY', 'CLEYDY MEDALY', 'F', '2009-03-04', 1),
(122, 1, '61402863', '12142778000820', 'FALCON', 7, '', '', 'BATALLA', 'PIERO CARLOS', 'M', '2008-07-23', 1),
(123, 1, '61895438', '00000061895438', 'FLORES', 7, '', '', 'SALAZAR', 'NADINE SARAY', 'F', '2009-03-06', 1),
(124, 1, '61479956', '12051045300300', 'JANAMPA', 7, '', '', 'CORNELIO', 'CRISTOFER DIEGO', 'M', '2008-10-30', 1),
(125, 1, '61375257', '12091895300100', 'LAGOS', 7, '', '', 'SAMANIEGO', 'LEONELA DAYANA', 'F', '2008-05-06', 1),
(126, 1, '61475290', '12069691400120', 'LARA', 7, '', '', 'HUAMAN', 'JIMMY JOAO', 'M', '2008-09-08', 1),
(127, 1, '61131919', '11091895300210', 'LAZO', 7, '', '', 'GALINDO', 'RENZO EDUARDO', 'M', '2007-08-20', 1),
(128, 1, '62061859', '00000062061859', 'MANTARI', 7, '', '', 'POVIS', 'RAFAEL UZIAS', 'M', '2009-03-09', 1),
(129, 1, '61576670', '11190990600070', 'MATEO', 7, '', '', 'CALLEGARI', 'MISHEL JAMHILE', 'F', '2008-09-07', 2),
(130, 1, '60107770', '12141495200030', 'MAYLLE', 7, '', '', 'ADRIANO', 'YORLIN ALEX', 'M', '2008-12-04', 1),
(131, 1, '72062753', '00000072062753', 'MILIAN', 7, '', '', 'MEZA', 'JOHAN JAIR', 'M', '2008-07-30', 2),
(132, 1, '71181009', '71181009', 'OLANO', 7, '', '', 'ASTO', 'JHANIRA NAHOMY', 'F', '2008-03-13', 1),
(133, 1, '61444797', '12091895300050', 'PALPA', 7, '', '', 'GONZALES', 'JHUSSYAN ARACELLY', 'F', '2008-08-14', 1),
(134, 1, '60537149', '60537149', 'PAQUIYAURI', 7, '', '', 'BELITO', 'GIANELA MARIBEL', 'F', '2007-09-26', 1),
(135, 1, '61375645', '11189991200070', 'PARIONA', 7, '', '', 'RIVAGUERO', 'DAVID ALEXANDRO', 'M', '2008-07-03', 2),
(136, 1, '61445032', '00000061445032', 'PEÑA', 7, '', '', 'REYES', 'JESVI NEIMER', 'M', '2008-09-16', 1),
(137, 1, '61548099', '00000061548099', 'QUISPE', 7, '', '', 'LEON', 'MICHAEL GABRIEL', 'M', '2009-01-06', 2),
(138, 1, '61401986', '13037622800028', 'RAMIREZ', 7, '', '', 'CENTENO', 'ARIANA MERARI', 'F', '2008-05-06', 1),
(139, 1, '61532835', '09189990200130', 'RIVERA', 7, '', '', 'FLORES', 'LUANA BEATRIZ', 'F', '2008-11-04', 1),
(140, 1, '61393427', '61393427', 'SABADUCHI', 7, '', '', 'LOPEZ', 'KATERINE ALEXANDRA', 'F', '2008-06-13', 1),
(141, 1, '61375294', '00000061375294', 'SEGURA', 7, '', '', 'RIVAGUERO', 'CHRISTIAN ENRIQUE', 'M', '2008-05-11', 2),
(142, 1, '62028987', '12188930700060', 'AQUINO', 8, '', '', 'ORE', 'JAIME MARLON', 'M', '2009-01-04', 1),
(143, 1, '61547700', '00000061547700', 'BENDEZU', 8, '', '', 'FLORES', 'SEBASTIAN NIKO', 'M', '2008-12-21', 1),
(144, 1, '61462036', '12105571400670', 'CANTURIN', 8, '', '', 'HUAROC', 'JHOSEP PROSPERO', 'M', '2008-07-30', 1),
(145, 1, '61533339', '11189990100040', 'CARBAJAL', 8, '', '', 'POMA', 'DAMARIS JHOVANA', 'F', '2009-01-04', 1),
(146, 1, '61114951', '00000061114951', 'CARHUAPOMA', 8, '', '', 'FELIX', 'WILYAMG JANOVE', 'M', '2007-07-06', 2),
(147, 1, '60377189', '00000060377189', 'CONDORI', 8, '', '', 'RIVAS', 'ALEXANDER KENNY', 'M', '2008-06-03', 1),
(148, 1, '61475489', '12010210800050', 'DE LA CRUZ', 8, '', '', 'DIAZ', 'JOSWAR ELI', 'M', '2008-09-25', 1),
(149, 1, '81134489', '13010210800018', 'DE LA CRUZ', 8, '', '', 'TTITO', 'JORGE LUIS', 'M', '2007-05-04', 1),
(150, 1, '62591594', '00000062591594', 'FLORES', 8, '', '', 'SANDOVAL', 'ZAIN ALBERTO', 'M', '2008-12-19', 1),
(151, 1, '60388535', '00000060388535', 'GUERE', 8, '', '', 'LEON', 'BRAYAN JAIRO', 'M', '2008-07-14', 1),
(152, 1, '62049228', '12052609500600', 'HUAMAN', 8, '', '', 'QUISPE', 'CONSUELO VALERIA', 'F', '2009-01-12', 1),
(153, 1, '61532967', '00000061532967', 'HUAYLINOS', 8, '', '', 'FLORES', 'STHEFANY XIOMARA', 'F', '2008-11-22', 1),
(154, 1, '61637305', '12131415200010', 'LAZARO', 8, '', '', 'ROJAS', 'REINERT CESAR', 'M', '2009-03-02', 1),
(155, 1, '61532782', '00000061532782', 'MALLQUI', 8, '', '', 'ESTRADA', 'EDGARD PIERO', 'M', '2008-10-22', 1),
(156, 1, '61374904', '00000061374904', 'MARIN', 8, '', '', 'GOMEZ', 'MISHEL NATALY', 'F', '2008-04-08', 1),
(157, 1, '61289841', '00000061289841', 'MONTES', 8, '', '', 'CONDORI', 'SHARON VICTORIA', 'F', '2008-01-26', 1),
(158, 1, '61572716', '00000061572716', 'PACHECO', 8, '', '', 'HUAMANI', 'ABRAHAM LENIN', 'M', '2008-07-12', 1),
(159, 1, '61375310', '00000061375310', 'QUIQUIA', 8, '', '', 'JARA', 'ERIN CHARLSIE', 'F', '2008-05-14', 1),
(160, 1, '60351694', '00000060351694', 'RAMIREZ', 8, '', '', 'FLORES', 'ZAYURI MAYLIN', 'F', '2009-03-04', 1),
(161, 1, '61547289', '12091911800010', 'RONDON', 8, '', '', 'ANCHAYHUA', 'BHARAK LEHONELL', 'M', '2008-11-10', 1),
(162, 1, '61523254', '13154652200048', 'TORRES', 8, '', '', 'ZAVALETA', 'JHOJAN JIMMY', 'M', '2008-10-07', 2),
(163, 1, '62061759', '00000062061759', 'VILCAHUAMAN', 8, '', '', 'ANDAMAYO', 'ZENIA LUCERO', 'F', '2009-02-24', 1),
(164, 1, '61374957', '11037622800480', 'ALATA', 9, '', '', 'CASTILLO', 'JEREMY LEULY', 'M', '2008-03-30', 2),
(165, 1, '61374967', '11110106200070', 'CARDENAS', 9, '', '', 'OBANDO', 'JAMES AMILCAR', 'M', '2008-04-01', 1),
(166, 1, '61496798', '09108552000950', 'CHU', 9, '', '', 'AMAYA', 'SAINI ANSUYA DORIANA', 'F', '2008-05-03', 1),
(167, 1, '62825020', '12037622800420', 'CLEMENTE', 9, '', '', 'RAMOS', 'MILAGROS SAMERY', 'F', '2007-10-13', 1),
(168, 1, '62831695', '12091895300210', 'CORONADO', 9, '', '', 'DE LA ROSA', 'CAMILA SEFORA', 'F', '2007-10-11', 1),
(169, 1, '60106635', '12105973200140', 'DE LA CRUZ', 9, '', '', 'SEDANO', 'ARACELY', 'F', '2007-11-07', 1),
(170, 1, '61402147', '61402147', 'GAMARRA', 9, '', '', 'LAURA', 'CRISSIA YOHAMI', 'F', '2007-12-26', 1),
(171, 1, '62163512', '12121596100018', 'GOMEZ', 9, '', '', 'ANTONIO', 'MARIELA RAQUEL', 'F', '2006-04-03', 1),
(172, 1, '61115881', '12091895300280', 'HERRERA', 9, '', '', 'YAMPUL', 'JEAN FRANKLIN', 'M', '2007-06-23', 1),
(173, 1, '61204052', '12155574700190', 'HUIZA', 9, '', '', 'RICALDI', 'MARK ANGELLO', 'M', '2007-11-25', 2),
(174, 1, '61131906', '11142942200070', 'LAZO', 9, '', '', 'VILLAVERDE', 'ASHLIE MARICIELO', 'F', '2007-09-04', 1),
(175, 1, '60085244', '12191592200110', 'LEANDRO', 9, '', '', 'MUÑOZ', 'ALEX AQUILES', 'M', '2008-01-29', 1),
(176, 1, '60846816', '12142974500080', 'LOZA', 9, '', '', 'POMA', 'ALEXANDER', 'M', '2006-08-26', 1),
(177, 1, '60511789', '11114283500381', 'MANCILLA', 9, '', '', 'SANTIAGO', 'JHAJAIRA ARACELY', 'F', '2007-04-06', 1),
(178, 1, '61207237', '11145313300310', 'MANTARI', 9, '', '', 'POVIS', 'LIFE DAMARIS', 'F', '2007-11-13', 1),
(179, 1, '61198525', '12038302601190', 'MAYTA', 9, '', '', 'COCHACHI', 'FABRICIO FRANKLIN', 'M', '2007-09-09', 2),
(180, 1, '77092494', '12063210901230', 'MERCADO', 9, '', '', 'CERRON', 'TATIANA YADIRA', 'F', '2008-02-25', 1),
(181, 1, '61207339', '11031564800190', 'ORE', 9, '', '', 'CAJA', 'FRANK SEBASTIAN', 'M', '2007-11-10', 1),
(182, 1, '61221881', '00000061221881', 'ORIHUELA', 9, '', '', 'CAJACURI', 'JENIFER GINA', 'F', '2008-01-11', 1),
(183, 1, '61204041', '11091895300270', 'POCOMUCHA', 9, '', '', 'CANCHANYA', 'ASUMY JHADE', 'F', '2007-06-26', 1),
(184, 1, '61131765', '13188770700018', 'QUIÑONES', 9, '', '', 'PUCUHUARANGA', 'KENTLEE REIVING', 'M', '2007-08-16', 1),
(185, 1, '61289672', '12122544000560', 'RECUAY', 9, '', '', 'MAMANI', 'LEANDRO JESUS', 'M', '2008-01-05', 1),
(186, 1, '60296005', '12010211300080', 'SOLANO', 9, '', '', 'ZUNIGA', 'NELIDA SORAYA', 'F', '2007-08-09', 1),
(187, 1, '61060937', '12142750900120', 'SULLCA', 9, '', '', 'TANANTA', 'FELICIANO ADELBERT', 'M', '2007-04-17', 1),
(188, 1, '61203753', '12037622800080', 'VALDEZ', 9, '', '', 'COLQUI', 'ALEJANDRO RODRIGO', 'M', '2007-10-09', 1),
(189, 1, '60338371', '11189270300270', 'VASQUEZ', 9, '', '', 'ORE', 'EDUARD', 'M', '2007-12-29', 1),
(190, 1, '75704098', '09189270300170', 'VASQUEZ', 9, '', '', 'ORE', 'GERSON DERLYS', 'M', '2005-08-06', 1),
(191, 1, '62825156', '00000062825156', 'VILLALVA', 9, '', '', 'SUASNABAR', 'ESTIBEN DEL PIERO', 'M', '2006-12-29', 1),
(192, 1, '60981814', '11091913400020', 'ZANABRIA', 9, '', '', 'ARROYO', 'CAYO STEVEN', 'M', '2007-02-02', 1),
(193, 1, '61255976', '61255976', 'ALIAGA', 10, '', '', 'MEZA', 'MAX ALVIS', 'M', '2008-01-09', 1),
(194, 1, '70711992', '00000070711992', 'ALIAGA', 10, '', '', 'MORALES', 'PAULA VALERIA', 'F', '2007-07-09', 1),
(195, 1, '60085274', '10079558301540', 'ALZAMORA', 10, '', '', 'HINOJOZA', 'MARISOL JIMENA', 'F', '2007-01-21', 2),
(196, 1, '62591735', '00000062591735', 'BECERRA', 10, '', '', 'JAVIER', 'JOSE ANDRES', 'M', '2007-08-21', 1),
(197, 1, '61289794', '61289794', 'BORJA', 10, '', '', 'MAYHUA', 'SEBASTIAN ANDRE', 'M', '2008-01-19', 1),
(198, 1, '61278749', '11092027200020', 'CAJAHUANCA', 10, '', '', 'POVIS', 'BRADLY WILLIAMS', 'M', '2008-02-06', 1),
(199, 1, '61207221', '12110042900060', 'CHANCASANAMPA', 10, '', '', 'BARRERA', 'BETZABE NICOLY', 'F', '2007-11-02', 2),
(200, 1, '60353008', '12074399700740', 'COILA', 10, '', '', 'RUELAS', 'JOSEPH POOL', 'M', '2008-01-12', 1),
(201, 1, '61197931', '12038302600300', 'CURO', 10, '', '', 'GARAGATE', 'DEYANIRA MICHELLE', 'F', '2007-09-06', 1),
(202, 1, '62721238', '11143097400080', 'DAVIRAN', 10, '', '', 'TORRES', 'LEHI JAFETH', 'M', '2007-08-14', 2),
(203, 1, '61278483', '11073647000170', 'ESPINAL', 10, '', '', 'ALBINO', 'ANGEL JHOAO', 'M', '2008-01-22', 1),
(204, 1, '61695807', '10142974500400', 'ESPINOZA', 10, '', '', 'RAMOS', 'ANGEL LUIS', 'M', '2005-07-11', 1),
(205, 1, '60847323', '11010211300100', 'GONZALES', 10, '', '', 'PEREZ', 'SEBASTIAN EDUARDO', 'M', '2006-10-31', 1),
(206, 1, '61203928', '12056334600030', 'HUAYHUA', 10, '', '', 'BERAUN', 'BETIA ANDREA', 'F', '2007-11-05', 1),
(207, 1, '62721313', '12091895300200', 'INGA', 10, '', '', 'SERRANO', 'VALENTINA NICOLE', 'F', '2007-11-14', 1),
(208, 1, '60842717', '60842717', 'INGAROCA', 10, '', '', 'DIAZ', 'MITZY XIOMARA', 'F', '2006-08-25', 1),
(209, 1, '61012116', '61012116', 'MANSILLA', 10, '', '', 'MEIGGS', 'DANIKA ALLEY', 'F', '2007-03-07', 1),
(210, 1, '61105872', '61105872', 'MARCELO', 10, '', '', 'ALVARADO', 'JOSELIN ANYELA', 'F', '2007-06-03', 1),
(211, 1, '60313040', '12074889700070', 'MEZA', 10, '', '', 'JULCA', 'BRENY AKEMY', 'F', '2008-02-15', 1),
(212, 1, '70487261', '10074889700760', 'MEZA', 10, '', '', 'JULCA', 'KEYLY CAMILA', 'F', '2006-07-23', 1),
(213, 1, '60282490', '11353310500040', 'MORE', 10, '', '', 'GALINDO', 'SHEYLA YADIRA', 'F', '2007-09-12', 1),
(214, 1, '61111978', '12042808601340', 'PARIONA', 10, '', '', 'TORRES', 'ISMAEL', 'M', '2007-09-13', 1),
(215, 1, '61131886', '13078536000188', 'QUISPE', 10, '', '', 'URRUTIA', 'JUAN MANUEL', 'M', '2007-08-17', 1),
(216, 1, '61055718', '12143987600070', 'QUISPE', 10, '', '', 'VILCHEZ', 'ALEX JHONZUT', 'M', '2007-11-02', 2),
(217, 1, '61061418', '12142824200078', 'ROJAS', 10, '', '', 'ESPINOZA', 'JUAN CARLOS', 'M', '2007-05-04', 1),
(218, 1, '81181065', '14038219200028', 'ROJAS', 10, '', '', 'MARTINEZ', 'JHONATAN NEYMAR', 'M', '2008-01-26', 1),
(219, 1, '61290016', '00000061290016', 'TELLO', 10, '', '', 'BENITO', 'CHRISTIAN ANTHONY', 'M', '2008-02-13', 1),
(220, 1, '61206532', '12037622800590', 'TELLO', 10, '', '', 'HUACACHI', 'FLOR MADALIN', 'F', '2007-03-23', 1),
(221, 1, '61278383', '61278383', 'VICENTE', 10, '', '', 'URBANO', 'ALEXANDER MOZART', 'M', '2008-01-04', 1),
(222, 1, '61114653', '11142974500610', 'ZEGARRA', 10, '', '', 'LEDESMA', 'GABRIELA NAOMI', 'F', '2007-05-12', 1),
(223, 1, '77804640', '11142974500790', 'ALIAGA', 11, '', '', 'LANDEO', 'SELENE JENIFER', 'F', '2006-02-07', 1),
(224, 1, '61196442', '12125183400430', 'AQUINO', 11, '', '', 'ORE', 'DIEGO RENZO', 'M', '2007-05-22', 1),
(225, 1, '60210146', '10126125400920', 'BARRERA', 11, '', '', 'CAYETANO', 'JHONS JENDERSON', 'M', '2007-01-09', 1),
(226, 1, '60094474', '12141044800050', 'CERRON', 11, '', '', 'CORTEZ', 'ANDRIU IVAN', 'M', '2007-01-12', 1),
(227, 1, '60465105', '11152567400240', 'CONTRERAS', 11, '', '', 'LAURA', 'ANIEL ISABEL', 'F', '2006-12-02', 1),
(228, 1, '60451040', '60451040', 'CORIS', 11, '', '', 'HUAROCC', 'JOSIAS ARMANDO', 'M', '2006-10-15', 1),
(229, 1, '60981909', '12142829100060', 'DEZA', 11, '', '', 'VERA', 'JACK ROGER', 'M', '2007-02-05', 1),
(230, 1, '60225475', '00000060225475', 'ENCARNACION', 11, '', '', 'TOMAS', 'GERSON DAVID', 'M', '2007-02-14', 1),
(231, 1, '75875976', '11142979400150', 'FLORES', 11, '', '', 'SANDOVAL', 'DEIVI HERALD', 'M', '2006-01-31', 1),
(232, 1, '60091007', '12289110600038', 'HUAROCC', 11, '', '', 'BARRA', 'ELIAZAR ROY', 'M', '2006-12-03', 1),
(233, 1, '61012416', '10192410200080', 'INGA', 11, '', '', 'JAVIER', 'ABRIL ALEXANDRA', 'F', '2007-04-11', 2),
(234, 1, '60105770', '11145303400060', 'LLALLI', 11, '', '', 'LLANO', 'EDELISA', 'F', '2006-08-22', 2),
(235, 1, '60010633', '11056460000410', 'MARTEL', 11, '', '', 'JACO', 'SARA ELISABETH', 'F', '2006-08-28', 2),
(236, 1, '61547763', '12091910000310', 'MATTOS', 11, '', '', 'GARCIA', 'LEYDI JAZMIN', 'F', '2006-09-24', 2),
(237, 1, '61012235', '11143065100100', 'MAYHUA', 11, '', '', 'RAMOS', 'CRISTOPHER EMANUEL', 'M', '2007-03-04', 1),
(238, 1, '60845339', '11059923300810', 'MAYORCA', 11, '', '', 'SORIANO', 'NICOLE LINDA', 'F', '2007-02-23', 1),
(239, 1, '60462856', '11038302601390', 'MEZA', 11, '', '', 'GARAY', 'BENJAMIN JOSEPH', 'M', '2006-08-25', 2),
(240, 1, '60933190', '60933190', 'ORTIZ', 11, '', '', 'POZO', 'JHORDAN JEAMPIER', 'M', '2007-01-29', 1),
(241, 1, '60973982', '11138045000340', 'PARRA', 11, '', '', 'LINO', 'RODRIGO JESUS', 'M', '2007-01-25', 2),
(242, 1, '74588551', '11091910000260', 'PUENTE', 11, '', '', 'ORIHUELA', 'MANUEL JESUS', 'M', '2005-12-25', 1),
(243, 1, '60932877', '11047026001370', 'PUÑEZ', 11, '', '', 'VETANZO', 'ANAHI LINDSEY', 'F', '2006-12-12', 2),
(244, 1, '74649179', '74649179', 'QUISPE', 11, '', '', 'MATAMOROS', 'ELVIS RONALD', 'M', '2005-09-05', 1),
(245, 0, '', '12010211300010', 'ROJAS', 11, '', '', 'QUISPE', 'KATHERIN MAYUME', 'F', '2006-06-08', 1),
(246, 1, '73391141', '00000073391141', 'SANCHEZ', 11, '', '', 'ROJAS', 'JHON MARLIN', 'M', '2005-07-20', 1),
(247, 1, '60254719', '10042815100570', 'SEDANO', 11, '', '', 'SARMIENTO', 'EVELYN LUDMILA', 'F', '2007-05-25', 1),
(248, 1, '62591980', '11142974500600', 'VILCAPOMA', 11, '', '', 'MENDOZA', 'LUIS OCTAVIO', 'M', '2006-06-15', 1),
(249, 1, '60981997', '60981997', 'ACOSTA', 12, '', '', 'QUIÑONES', 'DAVID ANDERSON', 'M', '2006-07-11', 1),
(250, 1, '60483054', '12155050800220', 'BARJA', 12, '', '', 'ZEVALLOS', 'BECAN MICHAEL', 'M', '2007-01-08', 1),
(251, 1, '60751295', '11135285500020', 'BARTOLO', 12, '', '', 'HUAMAN', 'MAYORI IVETH', 'F', '2006-08-02', 1),
(252, 1, '60847176', '10072205800050', 'CALLUPE', 12, '', '', 'AYALA', 'KAMIL ZAHIARA', 'F', '2006-10-20', 1),
(253, 1, '60093858', '10189040700070', 'CAMARGO', 12, '', '', 'MERCADO', 'MARICIELO', 'F', '2006-05-23', 2),
(254, 1, '60845210', '11193882000020', 'CAMPOS', 12, '', '', 'PORRAS', 'YASELI CHAVELA', 'F', '2006-12-23', 1),
(255, 1, '74224215', '11121596100200', 'CAPCHA', 12, '', '', 'PALIAN', 'EVELYN BETTY', 'F', '2006-03-06', 1),
(256, 1, '60981631', '11055399000010', 'CONDOR', 12, '', '', 'ESPINOZA', 'LEENING CRISPIN', 'M', '2007-01-16', 1),
(257, 1, '60981707', '10140111600160', 'DE LA CRUZ', 12, '', '', 'FLORES', 'YONELIA MARYCIELO', 'F', '2007-01-25', 1),
(258, 1, '63099920', '12091895300190', 'DE LA ROSA', 12, '', '', 'CERVANTES', 'KATHERINE', 'F', '2006-08-12', 1),
(259, 1, '60846871', '12156890600130', 'FERNANDEZ', 12, '', '', 'LAURA', 'ITALO GABRIEL', 'M', '2006-09-08', 1),
(260, 1, '71998982', '71998982', 'FLORES', 12, '', '', 'PRUDENCIO', 'SHERI NICOL', 'F', '2005-07-14', 1),
(261, 1, '60933219', '60933219', 'GASPAR', 12, '', 'qr_60933219.png', 'NATEROS', 'ANA PATRICIA', 'F', '2007-01-24', 2),
(262, 1, '75936430', '10037622800320', 'GUADALUPE', 12, '', 'qr_75936430.png', 'JACAY', 'JESUS ERICK', 'M', '2005-11-28', 1),
(263, 1, '75148366', '10027084304600', 'HUAMANI', 12, '', 'qr_75148366.png', 'BORDOY', 'JORGE FARID', 'M', '2006-05-02', 1),
(264, 1, '75025421', '10142974500090', 'HUAMANI', 12, '', 'qr_75025421.png', 'MONTES', 'MIGUEL ANTONIO', 'M', '2004-12-17', 1),
(265, 1, '61012270', '12091874800850', 'MALLQUI', 12, '', 'qr_61012270.png', 'ESTRADA', 'ITALO ALEXANDER', 'M', '2007-03-11', 1),
(266, 1, '76286629', '11141495200110', 'PALPA', 12, '', 'qr_76286629.png', 'ADRIANO', 'JHUDIHT ERICA', 'F', '2006-08-04', 1),
(267, 1, '60829849', '60829849', 'PANIAGUA', 12, '', 'qr_60829849.png', 'DIAZ', 'LIZARDO', 'M', '2006-08-17', 1),
(268, 1, '74412482', '74412482', 'PAQUIYAURI', 12, '', 'qr_74412482.png', 'BELITO', 'YULIZA', 'F', '2005-06-19', 1),
(269, 1, '60002090', '11143066900060', 'PARIONA', 12, '', 'qr_60002090.png', 'DE LA CRUZ', 'ELIDA VALERIA', 'F', '2006-07-26', 1),
(270, 1, '60011148', '12142974500180', 'POMA', 12, '', 'qr_60011148.png', 'VALDIVIESO', 'LEONELA GABRIELA', 'F', '2006-12-02', 1),
(271, 1, '62525669', '12122611700610', 'ROBLES', 12, '', 'qr_62525669.png', 'CHAVEZ', 'BRICEIS SURI', 'F', '2007-02-07', 1),
(272, 1, '60847228', '11091874800560', 'SALAZAR', 12, '', 'qr_60847228.png', 'GUTIERREZ', 'JHON DANIEL', 'M', '2006-10-23', 1),
(273, 1, '62956094', '10056764400160', 'SALAZAR', 12, '', 'qr_62956094.png', 'VILLANO', 'LUCERO DAMARIS', 'F', '2006-11-04', 2),
(274, 1, '60495358', '12356202300140', 'VILLANUEVA', 12, '', 'qr_60495358.png', 'TAGUADA', 'FIORELA YUNSU', 'F', '2007-01-25', 1);

-- --------------------------------------------------------

--
-- Estructura de tabla para la tabla `aula`
--

DROP TABLE IF EXISTS `aula`;
CREATE TABLE IF NOT EXISTS `aula` (
  `Id_Aula` int NOT NULL AUTO_INCREMENT,
  `Grado_Aula` varchar(20) CHARACTER SET utf8mb3 COLLATE utf8mb3_spanish_ci NOT NULL,
  `Seccion_Aula` varchar(20) CHARACTER SET utf8mb3 COLLATE utf8mb3_spanish_ci NOT NULL,
  `Tutor_Aula` varchar(150) COLLATE utf8mb3_spanish_ci NOT NULL,
  `Nivel_Aula` varchar(20) COLLATE utf8mb3_spanish_ci NOT NULL,
  PRIMARY KEY (`Id_Aula`)
) ENGINE=MyISAM AUTO_INCREMENT=13 DEFAULT CHARSET=utf8mb3 COLLATE=utf8mb3_spanish_ci;

--
-- Volcado de datos para la tabla `aula`
--

INSERT INTO `aula` (`Id_Aula`, `Grado_Aula`, `Seccion_Aula`, `Tutor_Aula`, `Nivel_Aula`) VALUES
(2, 'PRIMERO', 'A', 'DOCENTE 1', 'SECUNDARIA'),
(4, 'PRIMERO', 'B', 'DOCENTE 2', 'SECUNDARIA'),
(5, 'SEGUNDO', 'A', 'DOCENTE 3', 'SECUNDARIA'),
(6, 'SEGUNDO', 'B', 'DOCENTE 1', 'SECUNDARIA'),
(7, 'TERCERO', 'A', 'DOCENTE 1', 'SECUNDARIA'),
(8, 'TERCERO', 'B', 'DOCENTE 1', 'SECUNDARIA'),
(9, 'CUARTO', 'A', 'DOCENTE 1', 'SECUNDARIA'),
(10, 'CUARTO', 'B', 'DOCENTE 1', 'SECUNDARIA'),
(11, 'QUINTO', 'A', 'DOCENTE 1', 'SECUNDARIA'),
(12, 'QUINTO', 'B', 'DOCENTE 1', 'SECUNDARIA');

-- --------------------------------------------------------

--
-- Estructura de tabla para la tabla `ingreso`
--

DROP TABLE IF EXISTS `ingreso`;
CREATE TABLE IF NOT EXISTS `ingreso` (
  `Id_Ingreso` int NOT NULL AUTO_INCREMENT,
  `Fecha_Ingreso` date NOT NULL,
  `Id_Alumno` int NOT NULL,
  `Hora_Ingreso` time NOT NULL,
  `Tipo_Ingreso` int NOT NULL,
  PRIMARY KEY (`Id_Ingreso`)
) ENGINE=MyISAM AUTO_INCREMENT=29 DEFAULT CHARSET=utf8mb3 COLLATE=utf8mb3_spanish_ci;

--
-- Volcado de datos para la tabla `ingreso`
--

INSERT INTO `ingreso` (`Id_Ingreso`, `Fecha_Ingreso`, `Id_Alumno`, `Hora_Ingreso`, `Tipo_Ingreso`) VALUES
(19, '2023-11-21', 2, '03:25:23', 1),
(18, '2023-11-21', 1, '03:24:04', 1),
(20, '2023-11-21', 7, '03:26:01', 1),
(21, '2023-11-21', 55, '03:26:11', 1),
(22, '2023-11-21', 13, '03:26:20', 1),
(23, '2023-11-21', 245, '03:35:52', 1),
(24, '2023-11-21', 6, '11:05:45', 2),
(25, '2023-11-22', 86, '23:57:20', 2),
(26, '2023-11-23', 65, '10:55:42', 2),
(27, '2023-11-23', 20, '11:04:01', 2),
(28, '2023-11-23', 2, '12:27:56', 2);

-- --------------------------------------------------------

--
-- Estructura de tabla para la tabla `permiso`
--

DROP TABLE IF EXISTS `permiso`;
CREATE TABLE IF NOT EXISTS `permiso` (
  `Id_Permiso` int NOT NULL AUTO_INCREMENT,
  `Act_Estudiante` tinyint(1) DEFAULT NULL,
  `Act_Aula` tinyint(1) DEFAULT NULL,
  `Act_Asistencia` tinyint(1) DEFAULT NULL,
  `Act_Actividad` tinyint(1) DEFAULT NULL,
  `Act_Usuarios` tinyint(1) DEFAULT NULL,
  `Act_Perfiles` tinyint(1) DEFAULT NULL,
  `Id_TipoUsuario` int NOT NULL,
  PRIMARY KEY (`Id_Permiso`)
) ENGINE=MyISAM AUTO_INCREMENT=8 DEFAULT CHARSET=utf8mb3 COLLATE=utf8mb3_spanish_ci;

--
-- Volcado de datos para la tabla `permiso`
--

INSERT INTO `permiso` (`Id_Permiso`, `Act_Estudiante`, `Act_Aula`, `Act_Asistencia`, `Act_Actividad`, `Act_Usuarios`, `Act_Perfiles`, `Id_TipoUsuario`) VALUES
(5, 1, 1, 1, 1, 1, 1, 3);

-- --------------------------------------------------------

--
-- Estructura de tabla para la tabla `tipousuario`
--

DROP TABLE IF EXISTS `tipousuario`;
CREATE TABLE IF NOT EXISTS `tipousuario` (
  `Id_TipoUsuario` int NOT NULL AUTO_INCREMENT,
  `Desc_TipoUsuario` varchar(50) CHARACTER SET utf8mb3 COLLATE utf8mb3_spanish_ci NOT NULL,
  `Vigente` tinyint(1) NOT NULL,
  PRIMARY KEY (`Id_TipoUsuario`)
) ENGINE=MyISAM AUTO_INCREMENT=30 DEFAULT CHARSET=utf8mb3 COLLATE=utf8mb3_spanish_ci;

--
-- Volcado de datos para la tabla `tipousuario`
--

INSERT INTO `tipousuario` (`Id_TipoUsuario`, `Desc_TipoUsuario`, `Vigente`) VALUES
(3, 'ADMINISTRADOR', 1);

-- --------------------------------------------------------

--
-- Estructura de tabla para la tabla `usuario`
--

DROP TABLE IF EXISTS `usuario`;
CREATE TABLE IF NOT EXISTS `usuario` (
  `Id_Usuario` int NOT NULL AUTO_INCREMENT,
  `Cod_Usuario` char(8) CHARACTER SET utf8mb3 COLLATE utf8mb3_spanish_ci NOT NULL,
  `Nom_Usuario` varchar(50) CHARACTER SET utf8mb3 COLLATE utf8mb3_spanish_ci NOT NULL,
  `Ape_Usuario` varchar(50) CHARACTER SET utf8mb3 COLLATE utf8mb3_spanish_ci DEFAULT NULL,
  `Tel_Usuario` char(9) CHARACTER SET utf8mb3 COLLATE utf8mb3_spanish_ci DEFAULT NULL,
  `Email_Usuario` varchar(150) CHARACTER SET utf8mb3 COLLATE utf8mb3_spanish_ci DEFAULT NULL,
  `Dir_Usuario` varchar(200) CHARACTER SET utf8mb3 COLLATE utf8mb3_spanish_ci NOT NULL,
  `Id_TipoUsuario` int NOT NULL,
  `User_Usuario` varchar(20) CHARACTER SET utf8mb3 COLLATE utf8mb3_spanish_ci NOT NULL,
  `Pass_Usuario` varchar(50) CHARACTER SET utf8mb3 COLLATE utf8mb3_spanish_ci NOT NULL,
  PRIMARY KEY (`Id_Usuario`),
  UNIQUE KEY `Email_Usuario` (`Email_Usuario`),
  UNIQUE KEY `Tel_Usuario` (`Tel_Usuario`)
) ENGINE=MyISAM AUTO_INCREMENT=33 DEFAULT CHARSET=utf8mb3 COLLATE=utf8mb3_spanish_ci;

--
-- Volcado de datos para la tabla `usuario`
--

INSERT INTO `usuario` (`Id_Usuario`, `Cod_Usuario`, `Nom_Usuario`, `Ape_Usuario`, `Tel_Usuario`, `Email_Usuario`, `Dir_Usuario`, `Id_TipoUsuario`, `User_Usuario`, `Pass_Usuario`) VALUES
(30, '11111111', 'COLEGIO 17 SETIEMBRE', 'EL TAMBO', '064268957', '17setiembre@colegio.edu.pe', 'CALLE LOS MANZANOS 309', 3, 'admin', 'admin');
COMMIT;

/*!40101 SET CHARACTER_SET_CLIENT=@OLD_CHARACTER_SET_CLIENT */;
/*!40101 SET CHARACTER_SET_RESULTS=@OLD_CHARACTER_SET_RESULTS */;
/*!40101 SET COLLATION_CONNECTION=@OLD_COLLATION_CONNECTION */;
